Cuota,Interes,Amortizacion,Saldo restante
1,2650.0,6765.511114118348,593234.4888858816
2,2620.1189925793105,6795.392121539037,586439.0967643426
3,2590.10601070918,6825.405103409168,579613.6916609334
4,2559.960471502456,6855.550642615892,572758.1410183175
5,2529.6817894975693,6885.829324620779,565872.3116936968
6,2499.2693766471607,6916.241737471188,558956.0699562256
7,2468.722642306663,6946.788471811685,552009.2814844139
8,2438.040993222828,6977.470120895519,545031.8113635184
9,2407.223833522206,7008.2872805961415,538023.5240829223
10,2376.2705646995732,7039.240549418775,530984.2835335035
11,2345.1805856063074,7070.3305285120405,523913.9530049915
12,2313.9532924387127,7101.557821679635,516812.3951833119
13,2282.5880787262945,7132.923035392054,509679.4721479198
14,2251.0843353199793,7164.426778798368,502515.0453691215
15,2219.441450380287,7196.069663738061,495318.9757053834
16,2187.6588093654436,7227.852304752904,488091.1234006305
17,2155.7357950194514,7259.775319098897,480831.3480815316
18,2123.671787360098,7291.8393267582505,473539.50875477336
19,2091.4661636669157,7324.044950451433,466215.46380432195
20,2059.1182984690886,7356.392815649259,458859.07098867267
21,2026.6275635333043,7388.883550585044,451470.18743808765
22,1993.9933278515539,7421.517786266794,444048.66965182085
23,1961.2149576288755,7454.296156489472,436594.3734953314
24,1928.291816271047,7487.219297847301,429107.1541974841
25,1895.2232643722214,7520.287849746126,421586.86634773796
26,1862.0086597025095,7553.502454415839,414033.3638933221
27,1828.6473571955062,7586.863756922841,406446.5001363993
28,1795.1387089357636,7620.372405182585,398826.1277312167
29,1761.4820641462072,7654.0290499721405,391172.0986812446
30,1727.676769175497,7687.834344942851,383484.2643363017
31,1693.7221674853326,7721.788946633015,375762.4753896687
32,1659.6175996377035,7755.893514480645,368006.5818751881
33,1625.3624032820808,7790.148710836267,360216.43316435185
34,1590.955913142554,7824.555200975794,352391.87796337606
35,1556.397461004911,7859.113653113437,344532.76431026263
36,1521.68637570366,7893.824738414688,336638.93957184796
37,1486.8219831089953,7928.689131009352,328710.25044083863
38,1451.803606113704,7963.707508004643,320746.542932834
39,1416.630564620017,7998.880549498331,312747.6623833357
40,1381.3021755263994,8034.208938591948,304713.45344474376
41,1345.817752714285,8069.693361404063,296643.7600833397
42,1310.1766070347503,8105.334507083598,288538.4255762561
43,1274.3780462951313,8141.133067823217,280397.29250843293
44,1238.421375245579,8177.089738872769,272220.20276956016
45,1202.3058955655574,8213.20521855279,264006.9975510074
46,1166.0309058502826,8249.480208268065,255757.5173427393
47,1129.5957015970987,8285.91541252125,247471.60193021805
48,1092.9995751917963,8322.511538926552,239149.0903912915
49,1056.2418158948708,8359.269298223477,230789.82109306802
50,1019.3217098277171,8396.189404290632,222393.6316887774
51,982.2385399587669,8433.27257415958,213960.3591146178
52,944.991586089562,8470.519528028786,205489.83958658902
53,907.5801248407682,8507.93098927758,196981.90859731144
54,870.0034296381256,8545.507684480222,188436.40091283122
55,832.2607706983379,8583.25034342001,179853.1505694112
56,794.3514150148995,8621.159699103448,171231.99087030775
57,756.2746263438593,8659.23648777449,162572.75438253325
58,718.0296651895219,8697.481448928826,153875.27293360443
59,679.6157887900863,8735.895325328262,145139.37760827618
60,641.0322511032198,8774.478863015129,136364.89874526105
61,602.2783027915697,8813.232811326778,127551.66593393427
62,563.3531912082098,8852.157922910139,118699.50801102414
63,524.2561603820233,8891.254953736325,109808.25305728782
64,484.9864510030212,8930.524663115326,100877.72839417249
65,445.54330040759515,8969.967813710753,91907.76058046173
66,405.92594256370603,9009.585171554641,82898.17540890709
67,366.1336080560063,9049.377506062341,73848.79790284474
68,326.1655240708976,9089.345590047451,64759.45231279729
69,286.0209143815214,9129.490199736827,55629.962113060465
70,245.69899933268374,9169.812114785664,46460.1499982748
71,205.1989958257137,9210.312118292633,37249.837879982166
72,164.52011730325458,9250.990996815093,27998.846883167073
73,123.66157373398791,9291.84954038436,18706.997342782714
74,82.62257159729032,9332.888542521057,9374.108800261656
75,41.402313867822315,9374.108800250526,1.1130396160297096e-08
